{
    "epochs": "200",
    "batch_size": "100",
    "path_To_Params": "/home/didier/AAA_IFT6266/Class_Project/AA_GAN_PRJ_CODE/WEIGHTS_PRJ/generation_weights.npy",
    "matrix_sim_1hot": "/home/didier/AAA_IFT6266/Class_Project/AA_GAN_PRJ_CODE/WEIGHTS_PRJ/matrix_sim_1hot.npy",
    "data": {
        "train": {
            "images": "/home/didier/AAA_IFT6266/Class_Project/AA_GAN_PRJ_DATA/train-images_PRJ.npy",
            "captions": "/home/didier/AAA_IFT6266/Class_Project/AA_GAN_PRJ_DATA/train-captions_PRJ_P_ALL.npy"
        },
        "valid": {
            "images": "/home/didier/AAA_IFT6266/Class_Project/AA_GAN_PRJ_DATA/val-images_PRJ.npy",
            "captions": "/home/didier/AAA_IFT6266/Class_Project/AA_GAN_PRJ_DATA/val-captions_PRJ_P_ALL.npy" 
        },
        "test": {
            "images": "/home/didier/AAA_IFT6266/Class_Project/AA_GAN_PRJ_DATA/train-images_PRJ.npy",
            "captions": "/home/didier/AAA_IFT6266/Class_Project/AA_GAN_PRJ_DATA/train-captions_PRJ_P1.npy" 
        }

    }
}
